fips_key,state_abbr,state_name,county_name,population,median_income,unemployment_rate,disaster_count,obesity_rate,diabetes_rate,smoking_rate,binge_drinking_rate
06001,CA,California,Alameda,1673133,112017,4.1,24,22.8,11.0,9.3,16.3
06003,CA,California,Alpine,1344,96000,5.8,15,28.7,8.5,11.0,20.0
06005,CA,California,Amador,40095,69955,5.1,21,29.6,11.8,12.2,19.9
06007,CA,California,Butte,217884,59863,5.4,39,30.6,9.9,12.8,18.8
06009,CA,California,Calaveras,45349,70119,5.5,23,29.8,13.2,13.9,19.3
06011,CA,California,Colusa,21780,61861,14.7,19,35.0,13.4,13.5,17.9
06013,CA,California,Contra Costa,1161643,110455,4.1,21,28.0,11.3,9.3,15.1
06015,CA,California,Del Norte,27655,53280,6.6,21,30.9,12.5,15.1,18.2
06017,CA,California,El Dorado,190568,88770,4.4,27,27.7,10.8,10.4,16.9
06019,CA,California,Fresno,1003150,61276,7.9,20,37.7,12.7,13.4,14.5
06021,CA,California,Glenn,28675,56332,7.0,21,32.1,11.1,13.9,16.4
06023,CA,California,Humboldt,137014,53350,4.9,27,31.3,11.4,15.0,17.1
06025,CA,California,Imperial,180051,49078,18.3,15,35.2,14.6,13.3,15.9
06027,CA,California,Inyo,18804,60925,4.2,16,28.2,12.4,12.4,15.4
06029,CA,California,Kern,905644,58824,8.4,40,36.2,13.3,14.7,16.8
06031,CA,California,Kings,151887,63267,8.9,19,34.7,12.1,14.8,17.5
06033,CA,California,Lake,67749,53399,7.6,35,32.8,10.7,15.6,18.0
06035,CA,California,Lassen,32949,59292,5.8,19,34.3,10.6,16.2,19.2
06037,CA,California,Los Angeles,10019635,76367,5.1,88,26.4,11.6,11.2,15.0
06039,CA,California,Madera,156304,66709,7.3,25,36.7,13.5,14.9,15.6
06041,CA,California,Marin,262387,131008,3.7,26,21.3,10.2,8.2,18.9
06043,CA,California,Mariposa,17225,53304,5.6,24,30.5,13.5,13.3,19.1
06045,CA,California,Mendocino,91534,56378,5.4,33,29.5,10.4,14.3,15.4
06047,CA,California,Merced,279150,58861,9.6,19,33.8,13.3,14.5,15.8
06049,CA,California,Modoc,8723,51090,8.0,17,32.3,10.3,14.8,18.0
06051,CA,California,Mono,13291,71138,4.5,14,31.2,10.5,11.7,19.0
06053,CA,California,Monterey,438953,82013,9.2,33,31.4,12.5,11.9,17.1
06055,CA,California,Napa,138795,97498,3.9,39,27.9,11.4,10.4,15.9
06057,CA,California,Nevada,102090,74617,4.2,23,27.6,11.5,11.5,19.9
06059,CA,California,Orange,3182923,100485,3.6,41,23.9,11.5,9.2,15.0
06061,CA,California,Placer,400330,99734,3.8,26,27.2,7.9,9.4,18.7
06063,CA,California,Plumas,19631,57885,7.7,23,29.9,13.5,13.0,14.4
06065,CA,California,Riverside,2409331,76066,4.9,65,37.0,11.3,11.6,15.1
06067,CA,California,Sacramento,1571767,76422,4.4,23,29.6,11.2,11.8,14.2
06069,CA,California,San Benito,63329,95606,6.2,18,31.5,10.5,10.8,17.1
06071,CA,California,San Bernardino,2171071,70287,4.7,61,33.3,11.8,12.4,15.6
06073,CA,California,San Diego,3296317,88240,3.9,51,25.4,9.4,10.0,17.2
06075,CA,California,San Francisco,865933,126187,3.6,11,17.1,9.3,8.8,19.2
06077,CA,California,San Joaquin,771406,74962,6.3,25,30.6,11.7,12.6,14.1
06079,CA,California,San Luis Obispo,282771,82514,3.7,28,26.1,10.0,11.3,18.4
06081,CA,California,San Mateo,762488,136837,3.3,24,22.0,9.0,8.0,14.6
06083,CA,California,Santa Barbara,447651,84356,4.5,43,26.1,10.8,11.6,17.6
06085,CA,California,Santa Clara,1932022,140258,3.8,25,21.9,9.8,8.1,13.3
06087,CA,California,Santa Cruz,272138,96093,6.2,34,26.8,9.0,10.0,18.9
06089,CA,California,Shasta,181935,61937,4.9,41,29.3,9.4,13.8,19.6
06091,CA,California,Sierra,3079,56152,5.2,16,32.4,10.1,15.1,13.4
06093,CA,California,Siskiyou,44151,49857,7.5,23,32.0,9.9,14.4,18.8
06095,CA,California,Solano,451432,89648,4.6,30,31.3,12.1,11.3,15.1
06097,CA,California,Sonoma,492498,91607,3.7,36,26.1,8.6,10.6,17.8
06099,CA,California,Stanislaus,550842,68368,6.6,20,36.6,11.2,13.4,17.5
06101,CA,California,Sutter,99080,67003,8.8,20,29.5,12.8,13.9,15.6
06103,CA,California,Tehama,65345,52901,5.7,25,31.8,10.6,15.1,17.7
06105,CA,California,Trinity,15818,42206,5.7,32,33.3,15.9,17.7,13.8
06107,CA,California,Tulare,470999,57394,10.4,23,35.3,13.1,14.0,16.1
06109,CA,California,Tuolumne,55243,66846,4.9,21,29.0,12.1,12.9,19.5
06111,CA,California,Ventura,845255,94150,4.5,52,25.7,11.4,10.5,15.7
06113,CA,California,Yolo,216703,78386,5.2,22,27.9,10.1,9.8,17.3
06115,CA,California,Yuba,80404,62666,6.4,28,30.8,11.3,14.5,16.8
17001,IL,Illinois,Adams,65878,58587,3.3,21,38.2,9.6,,
17003,IL,Illinois,Alexander,5488,39871,6.1,17,45.3,13.8,20.2,13.8
17005,IL,Illinois,Bond,16804,53654,4.6,7,39.0,11.6,,20.0
17007,IL,Illinois,Boone,53592,74076,6.7,11,36.9,,14.3,17.5
17009,IL,Illinois,Brown,6330,59346,2.8,16,41.6,11.7,18.0,19.6
17011,IL,Illinois,Bureau,33338,59407,6.0,17,38.4,,,16.7
17013,IL,Illinois,Calhoun,4537,74792,4.4,25,35.3,11.9,12.9,21.9
17015,IL,Illinois,Carroll,15586,54959,4.8,16,,10.3,15.3,21.3
17017,IL,Illinois,Cass,13058,58364,4.2,21,40.6,11.2,15.8,17.1
17019,IL,Illinois,Champaign,206583,56939,4.2,12,31.1,9.6,,18.5
17021,IL,Illinois,Christian,34038,53188,4.3,8,38.1,12.3,16.1,18.5
17023,IL,Illinois,Clark,15587,66067,5.2,10,37.3,9.4,15.1,20.8
17025,IL,Illinois,Clay,13313,53900,5.8,5,41.5,10.9,17.8,20.1
17027,IL,Illinois,Clinton,37048,72468,3.4,7,40.2,11.3,14.0,21.3
17029,IL,Illinois,Coles,47542,48534,3.8,9,37.7,10.4,14.8,19.5
17031,IL,Illinois,Cook,5265398,72121,4.1,24,31.0,11.8,11.1,
17033,IL,Illinois,Crawford,18825,54942,4.5,9,40.1,12.1,15.7,20.4
17035,IL,Illinois,Cumberland,10528,66530,3.7,9,38.7,11.9,14.5,17.9
17037,IL,Illinois,DeKalb,100922,64019,4.7,12,37.1,10.6,14.0,19.7
17039,IL,Illinois,De Witt,15653,60401,4.1,11,37.9,9.6,15.3,17.7
17041,IL,Illinois,Douglas,19708,63142,3.4,13,38.8,9.8,15.5,20.4
17043,IL,Illinois,DuPage,934094,100292,3.3,16,29.1,,,15.9
17045,IL,Illinois,Edgar,16998,50843,4.0,9,37.5,,17.0,16.7
17047,IL,Illinois,Edwards,6233,55833,4.3,7,40.3,14.1,17.9,16.7
17049,IL,Illinois,Effingham,34576,65590,3.9,7,34.2,11.3,14.3,
17051,IL,Illinois,Fayette,21514,47744,5.4,8,40.1,11.0,17.8,19.9
17053,IL,Illinois,Ford,13589,55011,3.9,8,37.8,10.0,16.1,20.5
17055,IL,Illinois,Franklin,38068,47751,5.3,10,41.6,10.9,18.1,19.8
17057,IL,Illinois,Fulton,34022,53441,5.3,20,39.9,13.0,17.2,20.3
17059,IL,Illinois,Gallatin,5038,52597,5.2,11,,,18.2,20.2
17061,IL,Illinois,Greene,12187,54427,4.2,19,40.2,,17.5,17.3
17063,IL,Illinois,Grundy,52364,81764,4.2,15,,,13.2,20.4
17065,IL,Illinois,Hamilton,8021,58306,5.0,10,40.0,13.9,17.0,17.0
17067,IL,Illinois,Hancock,17750,58188,3.8,19,38.9,9.7,14.7,20.7
17069,IL,Illinois,Hardin,3700,51738,4.9,8,39.7,14.7,16.9,16.0
17071,IL,Illinois,Henderson,6485,62202,3.7,16,38.6,14.1,15.9,
17073,IL,Illinois,Henry,49412,62097,4.8,16,36.9,11.9,13.8,18.2
17075,IL,Illinois,Iroquois,27362,58481,4.9,9,40.6,13.9,17.0,16.6
17077,IL,Illinois,Jackson,53676,41699,4.7,15,42.8,11.8,13.8,18.0
17079,IL,Illinois,Jasper,9324,60237,4.3,9,38.2,12.0,14.3,18.1
17081,IL,Illinois,Jefferson,37362,54692,4.6,5,39.8,,16.1,20.3
17083,IL,Illinois,Jersey,21533,71655,4.1,20,39.0,11.7,14.0,18.2
17085,IL,Illinois,Jo Daviess,21995,61289,4.3,16,36.1,9.0,13.9,21.3
17087,IL,Illinois,Johnson,13238,58502,5.5,7,41.4,12.9,16.8,18.2
17089,IL,Illinois,Kane,518648,88935,5.2,16,34.9,10.1,11.0,19.5
17091,IL,Illinois,Kankakee,108104,61664,6.1,7,40.2,11.3,14.7,18.8
17093,IL,Illinois,Kendall,130757,101816,4.5,13,39.7,9.1,11.0,20.0
17095,IL,Illinois,Knox,50193,45994,5.2,11,39.2,13.5,17.0,19.3
17097,IL,Illinois,Lake,714484,97127,5.5,17,32.9,9.8,10.5,17.0
17099,IL,Illinois,LaSalle,109986,62825,5.8,0,37.8,12.4,15.3,20.8
17101,IL,Illinois,Lawrence,15465,52020,4.8,9,41.0,,17.9,
17103,IL,Illinois,Lee,34373,62250,4.8,10,38.8,10.2,15.3,20.3
17105,IL,Illinois,Livingston,35902,61419,4.0,11,36.0,9.9,15.3,20.3
17107,IL,Illinois,Logan,28238,59809,4.6,12,38.9,11.6,15.1,20.3
17109,IL,Illinois,McDonough,27743,45704,4.0,11,36.3,11.4,13.8,
17111,IL,Illinois,McHenry,310749,93801,3.6,16,31.7,8.8,11.4,20.5
17113,IL,Illinois,McLean,171455,70339,3.6,11,36.0,9.5,11.2,18.7
17115,IL,Illinois,Macon,104331,55954,6.0,11,42.1,,15.7,18.5
17117,IL,Illinois,Macoupin,45152,58227,4.7,9,37.0,12.8,15.9,17.3
17119,IL,Illinois,Madison,266112,66882,4.3,16,38.8,9.5,13.6,20.0
17121,IL,Illinois,Marion,37781,53209,4.9,8,39.5,13.3,17.5,17.6
17123,IL,Illinois,Marshall,11781,60231,5.4,14,,13.0,15.7,
17125,IL,Illinois,Mason,13225,54415,4.9,18,37.3,13.3,16.5,17.0
17127,IL,Illinois,Massac,14280,57658,4.2,12,40.8,10.8,,16.5
17129,IL,Illinois,Menard,12343,79743,3.8,12,37.4,9.0,14.2,20.8
17131,IL,Illinois,Mercer,15779,59972,4.6,15,38.6,12.4,,18.0
17133,IL,Illinois,Monroe,34732,92950,2.9,20,35.5,10.1,11.3,21.9
17135,IL,Illinois,Montgomery,28482,59309,4.9,7,39.1,12.6,16.1,18.3
17137,IL,Illinois,Morgan,33189,55261,4.2,17,39.9,12.6,,17.7
17139,IL,Illinois,Moultrie,14634,67309,4.0,10,38.4,11.6,16.0,18.4
17141,IL,Illinois,Ogle,51787,67534,5.2,14,40.9,12.2,14.0,20.9
17143,IL,Illinois,Peoria,182439,58426,5.3,15,35.1,10.9,13.8,18.2
17145,IL,Illinois,Perry,21158,53108,5.0,7,41.1,13.2,,19.9
17147,IL,Illinois,Piatt,16664,77559,3.7,9,35.1,10.9,12.5,18.7
17149,IL,Illinois,Pike,14923,51529,5.2,25,40.7,10.4,16.8,19.9
17151,IL,Illinois,Pope,3820,48013,5.3,12,39.6,14.9,15.8,15.3
17153,IL,Illinois,Pulaski,5279,40197,7.2,14,45.7,14.5,20.0,17.2
17155,IL,Illinois,Putnam,5638,67419,6.0,11,36.1,12.1,13.1,21.2
17157,IL,Illinois,Randolph,30632,58093,4.3,17,39.1,10.5,16.3,
17159,IL,Illinois,Richland,15876,59963,4.1,8,39.4,12.5,15.5,18.0
17161,IL,Illinois,Rock Island,144694,58974,5.0,15,,10.8,14.5,20.1
17163,IL,Illinois,St. Clair,258597,63017,4.6,19,38.8,13.1,14.2,17.1
17165,IL,Illinois,Saline,23869,47541,4.7,9,40.3,,16.7,20.2
17167,IL,Illinois,Sangamon,196759,66149,4.2,12,39.6,11.9,13.2,17.3
17169,IL,Illinois,Schuyler,6953,58447,5.5,18,40.4,14.4,17.6,
17171,IL,Illinois,Scott,4923,63555,6.1,18,38.3,9.4,15.4,17.4
17173,IL,Illinois,Shelby,21160,60103,4.4,10,37.6,13.0,15.8,20.8
17175,IL,Illinois,Stark,5436,55109,5.7,8,38.3,9.7,15.1,17.5
17177,IL,Illinois,Stephenson,44817,53806,5.1,14,40.6,13.9,15.8,16.4
17179,IL,Illinois,Tazewell,131977,68860,4.4,15,36.3,11.2,13.8,17.9
17181,IL,Illinois,Union,17259,53363,5.4,15,39.8,14.1,,16.6
17183,IL,Illinois,Vermilion,74953,49063,5.7,12,43.8,14.4,17.8,16.7
17185,IL,Illinois,Wabash,11414,49680,3.5,10,40.2,10.4,15.8,17.6
17187,IL,Illinois,Warren,16887,59673,4.3,9,37.9,10.3,15.4,19.8
17189,IL,Illinois,Washington,13827,67030,3.3,9,36.7,9.0,13.8,21.3
17191,IL,Illinois,Wayne,16250,51540,4.3,8,40.0,10.5,17.6,20.1
17193,IL,Illinois,White,13959,51351,3.9,10,39.3,11.1,18.1,16.4
17195,IL,Illinois,Whiteside,55932,59812,4.5,14,36.4,10.2,15.1,20.3
17197,IL,Illinois,Will,696403,95751,3.9,19,38.0,9.5,11.5,18.8
17199,IL,Illinois,Williamson,67271,54682,4.5,9,,,,
17201,IL,Illinois,Winnebago,285471,57779,5.9,19,,,,
17203,IL,Illinois,Woodford,38571,76486,3.7,14,,,,
48001,TX,Texas,Anderson,58133,49736,3.6,31,39.9,13.9,17.2,18.5
48003,TX,Texas,Andrews,18184,80518,2.6,15,36.7,12.9,,17.9
48005,TX,Texas,Angelina,86584,52377,3.7,23,,,,15.7
48007,TX,Texas,Aransas,24149,51509,4.3,31,,,14.6,
48009,TX,Texas,Archer,8616,67083,3.2,21,34.9,9.9,14.8,19.8
48011,TX,Texas,Armstrong,1980,71136,2.9,13,,,,17.0
48013,TX,Texas,Atascosa,48684,63391,3.6,20,42.2,14.0,13.7,18.2
48015,TX,Texas,Austin,30132,68400,3.2,24,,14.7,14.9,
48017,TX,Texas,Bailey,6968,64044,3.6,16,,14.3,,16.6
48019,TX,Texas,Bandera,20839,64495,3.5,16,,10.8,,15.2
48021,TX,Texas,Bastrop,94887,78339,3.1,31,40.1,,14.0,17.1
48023,TX,Texas,Baylor,3491,43705,2.4,19,36.1,,,
48025,TX,Texas,Bee,31191,48822,4.1,23,,14.6,15.0,18.3
48027,TX,Texas,Bell,364703,57932,3.8,23,43.2,,,
48029,TX,Texas,Bexar,1990522,62169,3.3,30,34.2,13.8,12.2,16.5
48031,TX,Texas,Blanco,11313,71201,2.9,20,34.5,13.1,11.7,
48033,TX,Texas,Borden,550,68500,2.5,15,,9.3,,15.8
48035,TX,Texas,Bosque,18275,59328,3.2,24,,10.5,,
48037,TX,Texas,Bowie,92957,54949,3.6,27,36.7,12.1,16.0,
48039,TX,Texas,Brazoria,368575,87958,4.1,34,36.3,,,17.2
48041,TX,Texas,Brazos,231095,52658,2.8,19,32.8,,13.8,19.3
48043,TX,Texas,Brewster,9501,48679,2.5,13,32.8,10.5,10.3,19.0
48045,TX,Texas,Briscoe,1266,38469,3.2,16,,,,
48047,TX,Texas,Brooks,7100,26827,3.5,23,42.6,18.2,15.4,15.8
48049,TX,Texas,Brown,38085,49232,3.3,25,35.2,14.0,15.7,16.3
48051,TX,Texas,Burleson,17687,64109,3.3,22,35.9,,14.1,
48053,TX,Texas,Burnet,48424,65363,3.1,24,35.4,10.3,,
48055,TX,Texas,Caldwell,45286,63380,3.1,24,,,14.4,17.2
48057,TX,Texas,Calhoun,20367,61887,3.2,28,34.8,,,15.8
48059,TX,Texas,Callahan,13781,55820,3.1,24,,10.2,14.7,19.5
48061,TX,Texas,Cameron,420554,43057,4.8,34,40.3,,,
48063,TX,Texas,Camp,12498,50947,3.7,16,,16.1,17.2,16.6
48065,TX,Texas,Carson,5856,76786,2.5,15,33.8,,13.1,17.9
48067,TX,Texas,Cass,28692,49626,4.7,28,39.3,,17.2,17.6
48069,TX,Texas,Castro,7450,53551,2.5,14,38.9,13.7,,17.1
48071,TX,Texas,Chambers,45257,93707,4.6,23,,10.7,13.4,19.2
48073,TX,Texas,Cherokee,50564,54222,3.8,28,35.7,12.6,,17.8
48075,TX,Texas,Childress,6784,53092,2.6,14,,,14.7,
48077,TX,Texas,Clay,10236,69967,3.4,21,34.9,9.8,,19.9
48079,TX,Texas,Cochran,2553,38203,3.0,16,,,19.4,15.0
48081,TX,Texas,Coke,3288,42639,3.2,17,37.0,,15.3,18.4
48083,TX,Texas,Coleman,7848,47216,3.3,18,37.2,11.3,,18.8
48085,TX,Texas,Collin,1039812,104327,3.4,20,32.3,,9.3,17.5
48087,TX,Texas,Collingsworth,2948,42446,2.5,14,39.3,12.7,,15.8
48089,TX,Texas,Colorado,20559,55945,3.4,20,36.7,11.6,13.6,15.2
48091,TX,Texas,Comal,156257,85912,3.2,26,35.0,,10.4,
48093,TX,Texas,Comanche,13540,55743,2.7,20,37.1,11.4,14.5,18.7
48095,TX,Texas,Concho,3181,46719,2.8,15,37.1,,16.3,17.3
48097,TX,Texas,Cooke,41215,63338,2.9,22,36.1,10.8,14.5,16.9
48099,TX,Texas,Coryell,81692,58414,3.9,23,38.0,10.3,14.6,17.7
48101,TX,Texas,Cottle,1560,43654,1.8,19,40.6,13.9,17.6,
48103,TX,Texas,Crane,4654,67804,2.3,12,39.7,15.0,,16.7
48105,TX,Texas,Crockett,2939,52731,2.7,14,,,14.3,15.3
48107,TX,Texas,Crosby,5265,44304,3.4,16,41.0,14.6,,16.8
48109,TX,Texas,Culberson,2209,34239,2.9,12,,,16.1,14.6
48111,TX,Texas,Dallam,7135,61069,2.5,11,39.6,14.6,,17.1
48113,TX,Texas,Dallas,2604722,65011,3.7,28,,,12.5,16.5
48115,TX,Texas,Dawson,12371,42778,3.7,16,40.0,15.3,,
48117,TX,Texas,Deaf Smith,18675,49611,2.8,15,41.3,16.4,16.1,
48119,TX,Texas,Delta,5251,58705,4.0,18,,10.9,,16.5
48121,TX,Texas,Denton,885012,96265,3.3,24,33.2,9.9,,17.8
48123,TX,Texas,DeWitt,19834,57873,3.8,22,,13.1,16.0,18.0
48125,TX,Texas,Dickens,1569,42241,3.4,16,38.1,,,14.4
48127,TX,Texas,Dimmit,8840,25000,5.1,17,,23.4,18.9,14.2
48129,TX,Texas,Donley,3266,52888,4.2,16,35.9,,16.0,19.2
48131,TX,Texas,Duval,10001,43836,5.1,20,,17.0,,
48133,TX,Texas,Eastland,17785,43953,4.3,27,35.5,14.1,16.5,
48135,TX,Texas,Ector,161258,64975,3.0,15,,,14.2,18.2
48137,TX,Texas,Edwards,1366,40000,2.8,18,38.9,19.3,,17.4
48139,TX,Texas,Ellis,187984,85272,3.3,24,,11.6,12.6,17.4
48141,TX,Texas,El Paso,860485,50919,3.8,16,34.0,15.3,,17.0
48143,TX,Texas,Erath,42288,56691,3.0,18,,,14.5,18.7
48145,TX,Texas,Falls,17074,35317,3.8,16,40.3,13.8,17.4,
48147,TX,Texas,Fannin,35453,59686,3.2,20,,13.2,16.7,19.0
48149,TX,Texas,Fayette,24445,66624,3.4,24,33.9,10.1,,
48151,TX,Texas,Fisher,3720,55862,2.7,16,36.1,14.5,,
48153,TX,Texas,Floyd,5478,54007,3.7,16,39.1,14.4,15.2,16.7
48155,TX,Texas,Foard,1087,37679,2.4,17,40.1,,,
48157,TX,Texas,Fort Bend,806497,102590,3.6,28,29.4,11.1,9.8,15.1
48159,TX,Texas,Franklin,10413,61391,3.4,20,35.5,13.0,13.1,19.4
48161,TX,Texas,Freestone,19478,55910,,20,,11.9,,
48163,TX,Texas,Frio,18428,58456,,17,41.5,15.3,15.0,17.1
48165,TX,Texas,Gaines,21167,67728,,14,36.5,12.3,,
48167,TX,Texas,Galveston,347084,79328,,31,34.0,12.3,,
48169,TX,Texas,Garza,5734,64871,,17,,14.5,16.9,17.5
48171,TX,Texas,Gillespie,26730,64438,,18,32.8,,,19.5
48173,TX,Texas,Glasscock,1221,85417,,13,34.0,,10.8,
48175,TX,Texas,Goliad,7085,52335,,21,37.1,11.6,14.7,18.5
48177,TX,Texas,Gonzales,19720,55698,,22,,,,15.3
48179,TX,Texas,Gray,21398,50635,,16,38.5,12.4,16.4,18.8
48181,TX,Texas,Grayson,134205,62078,,21,33.9,12.5,14.6,16.9
48183,TX,Texas,Gregg,123744,56566,,23,36.8,,15.3,17.3
48185,TX,Texas,Grimes,28878,59086,,27,,14.4,,
48187,TX,Texas,Guadalupe,169477,80047,,23,34.4,11.6,,19.4
48189,TX,Texas,Hale,32879,48649,,15,38.9,,,
48191,TX,Texas,Hall,2875,41467,,18,,13.6,,17.3
48193,TX,Texas,Hamilton,8211,44030,,18,36.6,14.6,15.3,15.5
48195,TX,Texas,Hansford,5332,47500,,13,,12.3,,17.9
48197,TX,Texas,Hardeman,3567,56400,,16,,11.9,16.5,15.5
48199,TX,Texas,Hardin,56124,65347,,32,33.7,,15.6,19.3
48201,TX,Texas,Harris,4697957,65788,,41,37.3,13.2,12.6,
48203,TX,Texas,Harrison,68674,57996,,28,39.2,11.9,15.2,16.2
48205,TX,Texas,Hartley,5465,61196,,13,34.5,,13.4,18.8
48207,TX,Texas,Haskell,5420,48432,,17,,12.3,,16.2
48209,TX,Texas,Hays,234573,71061,,27,35.3,10.8,10.8,
48211,TX,Texas,Hemphill,3450,54867,,14,,11.6,,17.4
48213,TX,Texas,Henderson,81717,51963,,25,,,16.6,18.2
48215,TX,Texas,Hidalgo,865677,44666,,32,45.0,17.4,,
48217,TX,Texas,Hill,35686,57800,,25,36.9,11.5,,18.4
48219,TX,Texas,Hockley,21670,49241,,16,36.4,,,
48221,TX,Texas,Hood,60521,75851,,22,33.2,12.5,12.4,16.2
48223,TX,Texas,Hopkins,36666,57745,,21,37.7,,15.9,16.8
48225,TX,Texas,Houston,22288,43644,,29,,13.5,17.9,
48227,TX,Texas,Howard,34620,60260,,20,38.2,13.7,14.9,17.6
48229,TX,Texas,Hudspeth,3322,32404,,13,41.0,17.4,18.7,16.7
48231,TX,Texas,Hunt,98783,61053,,18,36.7,,15.4,
48233,TX,Texas,Hutchinson,20801,57288,,19,35.2,11.0,14.8,19.1
48235,TX,Texas,Irion,1555,39770,,13,,,,
48237,TX,Texas,Jack,8494,56916,,18,,13.4,17.7,17.7
48239,TX,Texas,Jackson,14971,60807,,24,38.1,,,
48241,TX,Texas,Jasper,33369,44356,,32,,12.9,,15.0
48243,TX,Texas,Jeff Davis,2021,38659,,18,37.9,13.1,14.9,17.4
48245,TX,Texas,Jefferson,256755,53613,,31,,15.6,16.1,15.4
48247,TX,Texas,Jim Hogg,4864,37342,,23,44.7,20.2,18.2,14.7
48249,TX,Texas,Jim Wells,39203,47629,,30,40.8,18.0,,
48251,TX,Texas,Johnson,177022,70767,,19,33.1,,,19.0
48253,TX,Texas,Jones,19721,55575,,24,38.8,,,18.8
48255,TX,Texas,Karnes,14823,49526,,16,,14.4,16.0,
48257,TX,Texas,Kaufman,140145,75187,,20,37.6,,14.0,18.2
48259,TX,Texas,Kendall,43842,100706,,22,,,10.0,19.8
48261,TX,Texas,Kenedy,169,42778,,21,37.9,18.5,15.5,14.7
48263,TX,Texas,Kent,632,63994,,15,,,11.5,20.3
48265,TX,Texas,Kerr,52411,62204,,19,34.4,14.7,13.4,
48267,TX,Texas,Kimble,4295,55677,,19,37.5,,,18.2
48269,TX,Texas,King,229,42125,,17,,,,
48271,TX,Texas,Kinney,3199,58925,,14,,13.2,,16.2
48273,TX,Texas,Kleberg,31015,49986,,24,40.0,,12.1,16.4
48275,TX,Texas,Knox,3384,50163,,17,,,15.6,15.5
48277,TX,Texas,Lamar,49932,51561,,24,38.5,11.9,17.2,
48279,TX,Texas,Lamb,13147,50041,,16,40.4,16.6,15.2,
48281,TX,Texas,Lampasas,21443,66506,,19,35.1,11.0,14.3,19.0
48283,TX,Texas,La Salle,6956,61042,,17,40.9,,,16.7
48285,TX,Texas,Lavaca,20287,57602,,19,,14.6,15.1,19.0
48287,TX,Texas,Lee,17393,60750,,22,,,,15.6
48289,TX,Texas,Leon,15877,48676,,30,36.2,11.4,,18.5
48291,TX,Texas,Liberty,89948,53871,,38,40.1,,17.8,17.3
48293,TX,Texas,Limestone,22252,49507,,21,,13.1,16.6,
48295,TX,Texas,Lipscomb,3138,66250,,11,36.7,14.8,14.7,
48297,TX,Texas,Live Oak,11378,52870,,22,39.7,14.2,,17.9
48299,TX,Texas,Llano,21246,62839,,17,,,,19.4
48301,TX,Texas,Loving,83,-666666666,,11,,,,
48303,TX,Texas,Lubbock,308580,56529,,20,37.1,,,18.2
48305,TX,Texas,Lynn,5587,49747,,18,,13.4,,
48307,TX,Texas,McCulloch,7676,46552,,19,36.4,,15.1,18.3
48309,TX,Texas,McLennan,258031,53723,,25,34.8,12.2,13.5,17.1
48311,TX,Texas,McMullen,729,63056,,16,38.6,14.1,16.7,17.8
48313,TX,Texas,Madison,13579,59923,,27,37.1,12.9,,
48315,TX,Texas,Marion,9748,43153,,22,,18.1,,13.7
48317,TX,Texas,Martin,5213,69194,,15,35.6,,14.0,
48319,TX,Texas,Mason,3948,73186,,19,34.3,14.4,,19.3
48321,TX,Texas,Matagorda,36323,48566,,29,,,15.3,15.4
48323,TX,Texas,Maverick,57769,44502,,14,43.9,18.1,14.2,15.4
48325,TX,Texas,Medina,50458,67180,,18,39.5,14.4,12.7,17.8
48327,TX,Texas,Menard,1981,40341,,17,37.6,12.1,14.0,18.0
48329,TX,Texas,Midland,166964,88210,,19,,11.4,,
48331,TX,Texas,Milam,24895,52810,,23,37.3,14.9,15.3,15.9
48333,TX,Texas,Mills,4520,53483,,17,33.0,,,
48335,TX,Texas,Mitchell,8903,50144,,14,,13.3,,18.4
48337,TX,Texas,Montague,19850,59127,,22,35.0,,15.7,16.4
48339,TX,Texas,Montgomery,607999,88597,,39,,10.4,,18.9
48341,TX,Texas,Moore,21494,55543,,15,39.0,14.9,15.8,
48343,TX,Texas,Morris,11988,46468,,18,39.1,12.5,16.7,
48345,TX,Texas,Motley,1269,59286,,19,35.8,,,
48347,TX,Texas,Nacogdoches,64822,47306,,28,,,14.9,17.0
48349,TX,Texas,Navarro,51908,50466,,27,38.5,,,16.0
48351,TX,Texas,Newton,12532,38116,,30,,,22.9,16.9
48353,TX,Texas,Nolan,14727,44700,,20,40.8,16.5,,15.5
48355,TX,Texas,Nueces,353594,59477,,33,,,13.1,18.9
48357,TX,Texas,Ochiltree,10063,57413,,14,39.6,,,16.8
48359,TX,Texas,Oldham,2251,68077,,13,36.1,,14.9,17.3
48361,TX,Texas,Orange,85045,68756,,31,38.2,12.4,,17.6
48363,TX,Texas,Palo Pinto,28303,59796,,26,,11.6,16.3,16.2
48365,TX,Texas,Panola,22583,54853,,24,37.5,,,18.6
48367,TX,Texas,Parker,144803,88535,,26,,9.2,12.9,19.3
48369,TX,Texas,Parmer,9874,62885,,15,,,13.4,17.6
48371,TX,Texas,Pecos,15202,55652,,15,,16.0,,16.8
48373,TX,Texas,Polk,49372,52826,,30,,,18.9,
48375,TX,Texas,Potter,119043,45096,,19,,14.4,,16.2
48377,TX,Texas,Presidio,6328,26395,,14,41.0,17.8,14.6,15.4
48379,TX,Texas,Rains,12013,55758,,17,,10.3,,15.8
48381,TX,Texas,Randall,139176,70544,,17,35.1,,12.0,19.9
48383,TX,Texas,Reagan,3363,62829,,13,38.7,13.7,12.9,17.2
48385,TX,Texas,Real,2852,44083,,18,38.1,,,17.7
48387,TX,Texas,Red River,11685,40674,,26,,12.5,,14.4
48389,TX,Texas,Reeves,14584,53548,,13,40.7,,15.6,
48391,TX,Texas,Refugio,6822,50745,,28,40.1,,15.5,17.2
48393,TX,Texas,Roberts,724,62717,,14,33.7,8.9,12.4,17.6
48395,TX,Texas,Robertson,16839,55709,,18,38.0,,,17.4
48397,TX,Texas,Rockwall,105227,111595,,17,35.1,8.7,10.0,18.6
48399,TX,Texas,Runnels,9887,52103,,13,36.1,,14.7,18.4
48401,TX,Texas,Rusk,52542,60330,,27,37.5,12.2,,16.8
48403,TX,Texas,Sabine,9974,41308,,26,,,16.2,18.5
48405,TX,Texas,San Augustine,7964,43130,,26,,,,
48407,TX,Texas,San Jacinto,27380,46678,,32,,,,
48409,TX,Texas,San Patricio,68600,59532,,34,,,,
48411,TX,Texas,San Saba,5775,46927,,22,,,,
48413,TX,Texas,Schleicher,2547,61094,,14,,,,
48415,TX,Texas,Scurry,16985,53376,,15,,,,
48417,TX,Texas,Shackelford,3145,54896,,18,,,,
48419,TX,Texas,Shelby,24254,44504,,27,,,,
48421,TX,Texas,Sherman,2357,55667,,12,,,,
48423,TX,Texas,Smith,231429,62518,,33,,,,
48425,TX,Texas,Somervell,9170,89253,,21,,,,
48427,TX,Texas,Starr,65568,33334,,23,,,,
48429,TX,Texas,Stephens,9142,46537,,23,,,,
48431,TX,Texas,Sterling,1391,55481,,14,,,,
48433,TX,Texas,Stonewall,1358,62273,,16,,,,
48435,TX,Texas,Sutton,3417,61538,,16,,,,
48437,TX,Texas,Swisher,7055,39685,,15,,,,
48439,TX,Texas,Tarrant,2091953,73545,,28,,,,
48441,TX,Texas,Taylor,141739,57811,,22,,,,
48443,TX,Texas,Terrell,979,47012,,15,,,,
48445,TX,Texas,Terry,11937,47734,,15,,,,
48447,TX,Texas,Throckmorton,1426,47500,,20,,,,
48449,TX,Texas,Titus,31327,53818,,21,,,,
48451,TX,Texas,Tom Green,119048,62052,,21,,,,
48453,TX,Texas,Travis,1267795,85043,,37,,,,
48455,TX,Texas,Trinity,13695,45392,,28,,,,
48457,TX,Texas,Tyler,20032,49130,,32,,,,
48459,TX,Texas,Upshur,40781,55046,,24,,,,
48461,TX,Texas,Upton,3340,58333,,13,,,,
48463,TX,Texas,Uvalde,24918,51602,,19,,,,
48465,TX,Texas,Val Verde,47767,51949,,15,,,,
48467,TX,Texas,Van Zandt,58782,61121,,20,,,,
48469,TX,Texas,Victoria,91280,60598,,28,,,,
48471,TX,Texas,Walker,76506,44104,,39,,,,
48473,TX,Texas,Waller,55505,65379,,29,,,,
48475,TX,Texas,Ward,11375,66216,,11,,,,
48477,TX,Texas,Washington,35561,65913,,20,,,,
48479,TX,Texas,Webb,266963,54618,,22,,,,
48481,TX,Texas,Wharton,41602,53963,,26,,,,
48483,TX,Texas,Wheeler,5091,52138,,14,,,,
48485,TX,Texas,Wichita,129419,53272,,24,,,,
48487,TX,Texas,Wilbarger,12887,45262,,17,,,,
48489,TX,Texas,Willacy,20423,39401,,29,,,,
48491,TX,Texas,Williamson,591759,94705,,26,,,,
48493,TX,Texas,Wilson,49374,84042,,17,,,,
48495,TX,Texas,Winkler,7629,67904,,12,,,,
48497,TX,Texas,Wise,67877,75482,,22,,,,
48499,TX,Texas,Wood,44615,58418,,17,,,,
48501,TX,Texas,Yoakum,7707,73102,,12,,,,
48503,TX,Texas,Young,17894,52074,,21,,,,
48505,TX,Texas,Zapata,13945,34406,,15,,,,
48507,TX,Texas,Zavala,9900,44573,,18,,,,
